Time,A1,A2,A3,A4,A5,A6,A7,A8,A9,A10,A11,A12,B1,B2,B3,B4,B5,B6,B7,B8,B9,B10,B11,B12,C1,C2,C3,C4,C5,C6,C7,C8,C9,C10,C11,C12,D1,D2,D3,D4,D5,D6,D7,D8,D9,D10,D11,D12,E1,E2,E3,E4,E5,E6,E7,E8,E9,E10,E11,E12,F1,F2,F3,F4,F5,F6,F7,F8,F9,F10,F11,F12,G1,G2,G3,G4,G5,G6,G7,G8,G9,G10,G11,G12,H1,H2,H3,H4,H5,H6,H7,H8,H9,H10,H11,H12
0.00,0.212,0.192,0.214,0.197,0.109,0.093,0.093,0.202,0.177,0.197,0.18,0.1,0.092,0.092,0.092,0.092,0.092,0.097,0.099,0.093,0.095,0.091,0.092,0.092,0.214,0.192,0.216,0.203,0.11,0.091,0.091,0.194,0.172,0.196,0.178,0.094,0.092,0.092,0.092,0.092,0.092,0.091,0.09,0.092,0.093,0.101,0.091,0.092,0.212,0.201,0.219,0.197,0.108,0.09,0.093,0.198,0.177,0.198,0.176,0.094,0.092,0.092,0.092,0.092,0.093,0.093,0.092,0.093,0.092,0.096,0.092,0.095,0.209,0.194,0.219,0.197,0.11,0.105,0.093,0.193,0.174,0.195,0.186,0.093,0.092,0.092,0.092,0.091,0.092,0.092,0.101,0.092,0.092,0.092,0.091,0.093
0.50,0.212,0.194,0.216,0.203,0.109,0.093,0.093,0.212,0.171,0.201,0.183,0.096,0.092,0.092,0.092,0.092,0.092,0.098,0.099,0.093,0.097,0.091,0.092,0.092,0.22,0.195,0.223,0.212,0.11,0.091,0.091,0.2,0.178,0.202,0.175,0.094,0.092,0.092,0.092,0.092,0.092,0.091,0.09,0.092,0.093,0.101,0.091,0.092,0.218,0.211,0.239,0.21,0.108,0.09,0.092,0.203,0.175,0.202,0.208,0.094,0.092,0.092,0.092,0.091,0.093,0.093,0.091,0.093,0.092,0.096,0.092,0.095,0.212,0.201,0.236,0.208,0.11,0.105,0.093,0.195,0.224,0.204,0.188,0.093,0.092,0.095,0.092,0.091,0.092,0.092,0.102,0.092,0.092,0.092,0.091,0.093
1.00,0.215,0.191,0.227,0.225,0.109,0.093,0.093,0.228,0.178,0.229,0.279,0.098,0.091,0.092,0.092,0.092,0.092,0.097,0.098,0.093,0.092,0.091,0.092,0.092,0.227,0.187,0.242,0.224,0.11,0.091,0.091,0.216,0.259,0.223,0.188,0.094,0.091,0.092,0.092,0.092,0.092,0.09,0.09,0.092,0.093,0.1,0.091,0.092,0.223,0.197,0.257,0.222,0.108,0.091,0.092,0.214,0.236,0.225,0.19,0.094,0.092,0.092,0.092,0.091,0.093,0.093,0.091,0.092,0.092,0.096,0.091,0.095,0.213,0.191,0.253,0.224,0.11,0.104,0.093,0.208,0.332,0.226,0.207,0.093,0.092,0.093,0.092,0.091,0.092,0.092,0.101,0.092,0.092,0.091,0.091,0.093
1.50,0.224,0.184,0.248,0.306,0.109,0.093,0.093,0.261,0.139,0.305,0.28,0.098,0.091,0.092,0.092,0.092,0.092,0.098,0.099,0.093,0.092,0.091,0.092,0.092,0.24,0.177,0.265,0.309,0.11,0.091,0.091,0.264,0.164,0.311,0.438,0.094,0.091,0.092,0.092,0.092,0.092,0.09,0.09,0.092,0.093,0.1,0.091,0.092,0.231,0.189,0.274,0.286,0.108,0.091,0.092,0.233,0.189,0.348,0.27,0.094,0.092,0.092,0.092,0.091,0.093,0.093,0.091,0.092,0.092,0.096,0.092,0.094,0.216,0.182,0.272,0.276,0.11,0.103,0.093,0.22,0.168,0.29,0.304,0.093,0.092,0.092,0.092,0.091,0.092,0.092,0.101,0.092,0.092,0.092,0.091,0.092
2.00,0.247,0.143,0.283,0.327,0.108,0.093,0.093,0.199,0.117,0.384,0.376,0.096,0.091,0.092,0.092,0.092,0.092,0.098,0.098,0.093,0.092,0.091,0.092,0.092,0.256,0.141,0.303,0.337,0.11,0.092,0.091,0.197,0.118,0.44,0.374,0.094,0.092,0.092,0.092,0.092,0.092,0.09,0.09,0.092,0.093,0.1,0.091,0.092,0.235,0.153,0.296,0.328,0.108,0.091,0.092,0.192,0.145,0.405,0.385,0.094,0.092,0.092,0.092,0.091,0.093,0.093,0.091,0.092,0.092,0.097,0.092,0.094,0.228,0.146,0.3,0.333,0.11,0.103,0.093,0.196,0.143,0.393,0.397,0.093,0.092,0.092,0.092,0.091,0.092,0.092,0.101,0.091,0.092,0.091,0.091,0.093
2.50,0.256,0.13,0.363,0.373,0.109,0.093,0.093,0.131,0.11,0.511,0.484,0.096,0.091,0.092,0.092,0.092,0.092,0.098,0.098,0.093,0.092,0.091,0.092,0.092,0.288,0.13,0.348,0.399,0.11,0.091,0.091,0.124,0.108,0.469,0.484,0.094,0.091,0.092,0.092,0.092,0.092,0.09,0.09,0.092,0.093,0.1,0.091,0.092,0.24,0.142,0.342,0.437,0.108,0.091,0.092,0.128,0.128,0.453,0.49,0.094,0.092,0.092,0.092,0.091,0.093,0.093,0.091,0.092,0.092,0.096,0.092,0.094,0.24,0.136,0.339,0.416,0.11,0.103,0.093,0.128,0.216,0.473,0.469,0.093,0.092,0.092,0.092,0.091,0.092,0.092,0.101,0.091,0.092,0.091,0.091,0.093
3.00,0.202,0.126,0.392,0.449,0.108,0.093,0.093,0.122,0.139,0.618,0.564,0.096,0.091,0.092,0.092,0.092,0.092,0.098,0.098,0.093,0.092,0.091,0.092,0.092,0.256,0.126,0.382,0.461,0.11,0.092,0.091,0.117,0.112,0.597,0.554,0.094,0.092,0.092,0.092,0.092,0.092,0.09,0.09,0.092,0.093,0.1,0.091,0.092,0.181,0.137,0.406,0.469,0.108,0.091,0.092,0.12,0.203,0.541,0.545,0.094,0.092,0.092,0.092,0.091,0.093,0.093,0.091,0.092,0.092,0.096,0.092,0.094,0.18,0.132,0.369,0.47,0.11,0.103,0.1,0.117,0.106,0.544,0.546,0.093,0.092,0.092,0.092,0.091,0.092,0.092,0.101,0.091,0.092,0.091,0.091,0.092
3.50,0.16,0.124,0.463,0.5,0.108,0.093,0.093,0.118,0.107,0.671,0.585,0.096,0.091,0.091,0.092,0.092,0.092,0.098,0.098,0.093,0.092,0.091,0.092,0.092,0.168,0.126,0.481,0.519,0.11,0.092,0.091,0.114,0.243,0.679,0.588,0.094,0.092,0.092,0.092,0.092,0.092,0.09,0.09,0.092,0.093,0.1,0.091,0.092,0.151,0.136,0.471,0.522,0.108,0.091,0.092,0.118,0.128,0.607,0.578,0.094,0.092,0.092,0.092,0.091,0.093,0.093,0.091,0.092,0.092,0.097,0.092,0.094,0.149,0.131,0.471,0.553,0.11,0.103,0.093,0.116,0.131,0.628,0.575,0.093,0.092,0.092,0.092,0.091,0.092,0.092,0.101,0.092,0.092,0.092,0.091,0.093
4.00,0.143,0.124,0.559,0.533,0.108,0.093,0.093,0.113,0.11,0.677,0.546,0.096,0.091,0.091,0.092,0.092,0.091,0.097,0.098,0.093,0.092,0.091,0.092,0.092,0.151,0.125,0.509,0.551,0.11,0.091,0.091,0.111,0.109,0.657,0.605,0.094,0.091,0.092,0.092,0.092,0.092,0.09,0.09,0.092,0.093,0.1,0.091,0.092,0.143,0.136,0.544,0.57,0.108,0.091,0.092,0.117,0.144,0.632,0.592,0.094,0.092,0.092,0.092,0.091,0.093,0.093,0.091,0.092,0.092,0.096,0.092,0.094,0.135,0.13,0.516,0.598,0.11,0.103,0.093,0.112,0.11,0.678,0.561,0.093,0.092,0.092,0.092,0.091,0.092,0.092,0.101,0.091,0.092,0.091,0.091,0.093
4.50,0.134,0.123,0.594,0.567,0.108,0.093,0.093,0.111,0.114,0.694,0.515,0.096,0.091,0.091,0.092,0.092,0.092,0.098,0.098,0.093,0.092,0.091,0.092,0.092,0.135,0.124,0.568,0.568,0.11,0.091,0.091,0.108,0.113,0.687,0.59,0.094,0.091,0.092,0.092,0.092,0.092,0.09,0.09,0.092,0.093,0.1,0.091,0.092,0.136,0.135,0.583,0.585,0.108,0.091,0.092,0.118,0.139,0.648,0.588,0.094,0.092,0.092,0.092,0.091,0.093,0.093,0.091,0.092,0.092,0.097,0.092,0.093,0.127,0.129,0.58,0.64,0.11,0.102,0.093,0.111,0.114,0.688,0.542,0.093,0.092,0.092,0.092,0.091,0.092,0.092,0.101,0.091,0.092,0.091,0.091,0.092
5.00,0.126,0.122,0.62,0.573,0.108,0.093,0.093,0.11,0.113,0.69,0.479,0.096,0.091,0.091,0.092,0.092,0.091,0.097,0.098,0.093,0.092,0.091,0.092,0.092,0.126,0.122,0.58,0.566,0.11,0.091,0.091,0.108,0.11,0.712,0.569,0.094,0.091,0.092,0.092,0.092,0.092,0.09,0.09,0.092,0.093,0.1,0.091,0.092,0.13,0.132,0.637,0.591,0.108,0.091,0.092,0.118,0.158,0.627,0.557,0.094,0.092,0.092,0.092,0.091,0.093,0.093,0.091,0.092,0.091,0.096,0.091,0.093,0.124,0.127,0.612,0.66,0.11,0.102,0.093,0.107,0.111,0.691,0.521,0.093,0.092,0.092,0.092,0.091,0.092,0.092,0.101,0.091,0.092,0.091,0.091,0.092
5.50,0.124,0.121,0.648,0.582,0.108,0.093,0.093,0.11,0.114,0.69,0.463,0.096,0.091,0.091,0.092,0.092,0.091,0.097,0.098,0.093,0.092,0.091,0.092,0.092,0.123,0.12,0.596,0.581,0.11,0.091,0.091,0.107,0.106,0.657,0.577,0.094,0.091,0.092,0.092,0.092,0.092,0.09,0.09,0.092,0.093,0.1,0.091,0.092,0.125,0.131,0.663,0.59,0.108,0.091,0.092,0.118,0.136,0.608,0.553,0.094,0.092,0.092,0.092,0.091,0.093,0.093,0.091,0.092,0.092,0.097,0.091,0.093,0.122,0.126,0.608,0.667,0.11,0.102,0.093,0.107,0.109,0.689,0.51,0.093,0.092,0.092,0.092,0.091,0.092,0.092,0.102,0.091,0.092,0.091,0.091,0.092
6.00,0.123,0.125,0.645,0.634,0.109,0.093,0.093,0.11,0.105,0.702,0.458,0.096,0.091,0.091,0.092,0.092,0.092,0.098,0.098,0.093,0.092,0.091,0.092,0.092,0.121,0.121,0.606,0.605,0.11,0.091,0.091,0.106,0.108,0.657,0.579,0.094,0.092,0.092,0.092,0.092,0.092,0.09,0.09,0.092,0.093,0.1,0.091,0.092,0.122,0.133,0.636,0.627,0.108,0.091,0.092,0.118,0.126,0.583,0.552,0.094,0.092,0.092,0.092,0.091,0.093,0.093,0.092,0.092,0.092,0.097,0.092,0.093,0.121,0.126,0.62,0.697,0.11,0.102,0.093,0.109,0.107,0.669,0.504,0.093,0.092,0.092,0.092,0.091,0.092,0.092,0.102,0.091,0.092,0.092,0.091,0.093
6.50,0.122,0.131,0.636,0.618,0.109,0.093,0.093,0.11,0.106,0.676,0.456,0.096,0.091,0.091,0.092,0.092,0.091,0.098,0.098,0.093,0.092,0.091,0.092,0.092,0.121,0.126,0.601,0.591,0.11,0.091,0.091,0.106,0.117,0.647,0.578,0.094,0.091,0.092,0.092,0.092,0.092,0.09,0.09,0.092,0.093,0.099,0.091,0.092,0.121,0.139,0.657,0.587,0.108,0.092,0.092,0.119,0.129,0.647,0.548,0.094,0.092,0.092,0.092,0.091,0.093,0.093,0.091,0.092,0.092,0.097,0.092,0.092,0.12,0.129,0.628,0.665,0.109,0.101,0.093,0.107,0.107,0.683,0.488,0.093,0.092,0.092,0.092,0.091,0.092,0.092,0.102,0.091,0.092,0.091,0.091,0.092
7.00,0.121,0.136,0.622,0.597,0.109,0.093,0.093,0.11,0.109,0.678,0.448,0.096,0.091,0.091,0.092,0.092,0.091,0.097,0.098,0.093,0.092,0.091,0.092,0.092,0.12,0.135,0.588,0.578,0.11,0.091,0.091,0.106,0.127,0.648,0.57,0.094,0.091,0.092,0.092,0.092,0.092,0.09,0.09,0.092,0.093,0.099,0.091,0.092,0.121,0.158,0.701,0.568,0.108,0.092,0.092,0.121,0.158,0.644,0.531,0.094,0.092,0.092,0.092,0.091,0.092,0.093,0.091,0.092,0.092,0.096,0.092,0.092,0.12,0.134,0.646,0.637,0.109,0.101,0.093,0.107,0.111,0.672,0.479,0.093,0.092,0.092,0.092,0.091,0.092,0.092,0.102,0.091,0.092,0.091,0.091,0.092
7.50,0.121,0.145,0.601,0.591,0.109,0.093,0.093,0.11,0.116,0.713,0.466,0.096,0.091,0.091,0.092,0.092,0.092,0.098,0.098,0.093,0.092,0.091,0.091,0.092,0.119,0.144,0.573,0.537,0.11,0.091,0.091,0.106,0.129,0.607,0.561,0.094,0.092,0.092,0.092,0.092,0.092,0.09,0.09,0.092,0.093,0.099,0.091,0.092,0.12,0.187,0.699,0.535,0.108,0.092,0.092,0.122,0.163,0.638,0.552,0.094,0.092,0.092,0.092,0.091,0.093,0.093,0.091,0.092,0.092,0.096,0.092,0.092,0.119,0.141,0.63,0.584,0.109,0.101,0.093,0.108,0.119,0.693,0.492,0.093,0.092,0.092,0.092,0.091,0.092,0.092,0.102,0.091,0.092,0.091,0.091,0.092
8.00,0.121,0.145,0.605,0.545,0.109,0.093,0.093,0.112,0.131,0.735,0.496,0.096,0.091,0.091,0.092,0.092,0.091,0.098,0.098,0.093,0.092,0.091,0.091,0.092,0.119,0.148,0.644,0.471,0.11,0.091,0.091,0.108,0.138,0.622,0.555,0.094,0.091,0.092,0.092,0.092,0.092,0.09,0.09,0.092,0.093,0.099,0.091,0.092,0.12,0.183,0.692,0.473,0.108,0.092,0.092,0.125,0.211,0.64,0.556,0.094,0.092,0.092,0.092,0.091,0.093,0.093,0.091,0.092,0.092,0.096,0.092,0.092,0.119,0.146,0.624,0.519,0.109,0.1,0.093,0.112,0.139,0.673,0.507,0.093,0.092,0.092,0.092,0.091,0.092,0.092,0.102,0.091,0.092,0.091,0.091,0.092
8.50,0.12,0.14,0.599,0.468,0.109,0.093,0.093,0.115,0.158,0.72,0.547,0.096,0.091,0.091,0.092,0.092,0.091,0.097,0.098,0.093,0.092,0.091,0.091,0.092,0.119,0.145,0.607,0.405,0.11,0.091,0.091,0.112,0.163,0.617,0.544,0.094,0.091,0.092,0.092,0.092,0.092,0.09,0.09,0.092,0.093,0.099,0.091,0.092,0.119,0.163,0.694,0.419,0.108,0.092,0.092,0.13,0.274,0.607,0.56,0.094,0.092,0.092,0.092,0.091,0.093,0.093,0.091,0.092,0.091,0.096,0.091,0.092,0.118,0.144,0.619,0.446,0.109,0.1,0.093,0.118,0.178,0.685,0.535,0.093,0.092,0.092,0.092,0.091,0.092,0.092,0.102,0.091,0.092,0.091,0.091,0.092
9.00,0.119,0.133,0.623,0.4,0.108,0.093,0.093,0.122,0.206,0.709,0.574,0.096,0.091,0.091,0.092,0.092,0.091,0.098,0.098,0.093,0.092,0.091,0.091,0.092,0.118,0.139,0.636,0.363,0.11,0.091,0.091,0.123,0.212,0.64,0.536,0.094,0.091,0.092,0.092,0.092,0.092,0.09,0.09,0.092,0.093,0.099,0.091,0.092,0.119,0.153,0.715,0.368,0.108,0.092,0.092,0.144,0.318,0.622,0.548,0.094,0.092,0.092,0.092,0.091,0.093,0.093,0.091,0.092,0.092,0.096,0.091,0.092,0.119,0.139,0.606,0.366,0.109,0.1,0.093,0.136,0.235,0.665,0.566,0.092,0.091,0.092,0.092,0.091,0.092,0.092,0.102,0.091,0.092,0.091,0.091,0.092
9.50,0.12,0.128,0.623,0.326,0.108,0.093,0.093,0.143,0.263,0.718,0.61,0.096,0.092,0.091,0.092,0.092,0.091,0.098,0.098,0.093,0.092,0.091,0.092,0.092,0.118,0.135,0.626,0.328,0.11,0.091,0.091,0.14,0.245,0.621,0.52,0.095,0.092,0.092,0.092,0.092,0.092,0.09,0.09,0.092,0.093,0.099,0.091,0.092,0.12,0.146,0.734,0.309,0.108,0.092,0.092,0.16,0.385,0.632,0.536,0.094,0.092,0.092,0.092,0.091,0.092,0.093,0.091,0.092,0.092,0.096,0.092,0.092,0.121,0.135,0.597,0.317,0.11,0.1,0.093,0.187,0.277,0.665,0.587,0.093,0.091,0.092,0.092,0.091,0.092,0.092,0.098,0.092,0.092,0.091,0.091,0.092
10.00,0.121,0.125,0.612,0.295,0.108,0.093,0.093,0.187,0.275,0.738,0.64,0.096,0.092,0.091,0.092,0.092,0.091,0.098,0.098,0.093,0.092,0.091,0.091,0.092,0.118,0.134,0.616,0.297,0.11,0.091,0.091,0.18,0.262,0.683,0.518,0.094,0.091,0.092,0.092,0.092,0.092,0.09,0.09,0.092,0.093,0.099,0.091,0.092,0.122,0.142,0.735,0.289,0.108,0.092,0.092,0.222,0.462,0.624,0.531,0.094,0.092,0.092,0.092,0.091,0.092,0.093,0.091,0.092,0.092,0.096,0.091,0.092,0.124,0.133,0.588,0.305,0.109,0.1,0.093,0.258,0.282,0.685,0.607,0.093,0.091,0.092,0.092,0.091,0.092,0.092,0.098,0.092,0.092,0.091,0.091,0.092
10.50,0.122,0.125,0.583,0.29,0.108,0.093,0.093,0.267,0.278,0.669,0.667,0.096,0.092,0.091,0.092,0.092,0.091,0.098,0.099,0.093,0.092,0.091,0.092,0.092,0.119,0.134,0.613,0.294,0.11,0.091,0.091,0.253,0.277,0.682,0.52,0.095,0.092,0.092,0.092,0.092,0.092,0.09,0.09,0.092,0.093,0.099,0.091,0.092,0.125,0.141,0.719,0.295,0.108,0.092,0.092,0.279,0.522,0.667,0.536,0.094,0.092,0.092,0.092,0.091,0.092,0.093,0.091,0.092,0.092,0.096,0.092,0.092,0.13,0.132,0.576,0.311,0.109,0.1,0.093,0.307,0.286,0.615,0.632,0.093,0.091,0.092,0.092,0.091,0.092,0.092,0.098,0.092,0.092,0.092,0.091,0.092
11.00,0.125,0.126,0.564,0.299,0.108,0.093,0.093,0.294,0.278,0.63,0.686,0.096,0.092,0.091,0.092,0.092,0.091,0.098,0.098,0.093,0.092,0.091,0.091,0.092,0.12,0.136,0.585,0.304,0.11,0.091,0.091,0.302,0.276,0.653,0.535,0.094,0.091,0.092,0.092,0.092,0.092,0.09,0.09,0.092,0.093,0.099,0.091,0.092,0.133,0.139,0.711,0.299,0.108,0.091,0.092,0.341,0.5,0.691,0.548,0.094,0.092,0.092,0.092,0.091,0.092,0.093,0.091,0.092,0.091,0.096,0.091,0.092,0.139,0.133,0.571,0.314,0.109,0.099,0.093,0.366,0.275,0.623,0.662,0.093,0.091,0.092,0.092,0.091,0.092,0.092,0.098,0.092,0.092,0.092,0.091,0.092
11.50,0.133,0.13,0.553,0.315,0.108,0.093,0.093,0.34,0.275,0.701,0.708,0.096,0.092,0.091,0.092,0.092,0.092,0.098,0.099,0.093,0.092,0.091,0.092,0.092,0.121,0.138,0.558,0.314,0.11,0.091,0.091,0.348,0.27,0.66,0.553,0.095,0.092,0.092,0.092,0.092,0.092,0.09,0.09,0.092,0.093,0.099,0.091,0.092,0.141,0.141,0.671,0.317,0.108,0.092,0.092,0.371,0.463,0.701,0.564,0.094,0.092,0.092,0.092,0.091,0.093,0.093,0.091,0.092,0.092,0.097,0.092,0.092,0.153,0.135,0.57,0.326,0.109,0.099,0.093,0.408,0.273,0.595,0.693,0.093,0.091,0.092,0.092,0.091,0.092,0.092,0.098,0.092,0.092,0.091,0.091,0.092
12.00,0.151,0.134,0.537,0.328,0.108,0.093,0.093,0.407,0.275,0.757,0.729,0.096,0.092,0.091,0.092,0.092,0.092,0.098,0.099,0.093,0.092,0.091,0.092,0.092,0.126,0.142,0.536,0.332,0.11,0.091,0.091,0.39,0.261,0.728,0.579,0.095,0.092,0.092,0.092,0.092,0.092,0.09,0.09,0.092,0.093,0.099,0.091,0.092,0.164,0.144,0.632,0.33,0.108,0.092,0.092,0.417,0.454,0.733,0.587,0.094,0.092,0.092,0.092,0.091,0.093,0.093,0.091,0.093,0.092,0.097,0.092,0.093,0.177,0.138,0.551,0.339,0.109,0.099,0.093,0.413,0.263,0.758,0.726,0.093,0.091,0.092,0.092,0.091,0.092,0.092,0.098,0.092,0.092,0.092,0.091,0.092
12.50,0.15,0.14,0.522,0.348,0.108,0.093,0.093,0.439,0.281,0.787,0.752,0.096,0.092,0.091,0.092,0.092,0.092,0.098,0.099,0.093,0.092,0.091,0.092,0.092,0.136,0.146,0.552,0.356,0.11,0.091,0.091,0.407,0.261,0.757,0.609,0.095,0.092,0.092,0.092,0.092,0.092,0.09,0.09,0.092,0.093,0.099,0.091,0.092,0.197,0.149,0.613,0.352,0.108,0.092,0.092,0.456,0.433,0.74,0.62,0.094,0.092,0.092,0.092,0.091,0.092,0.093,0.091,0.092,0.092,0.097,0.092,0.093,0.217,0.142,0.532,0.354,0.109,0.1,0.093,0.427,0.25,0.666,0.756,0.093,0.094,0.092,0.092,0.091,0.092,0.092,0.098,0.091,0.092,0.092,0.091,0.092
13.00,0.176,0.146,0.498,0.37,0.108,0.093,0.093,0.451,0.291,0.796,0.768,0.096,0.092,0.091,0.092,0.092,0.091,0.098,0.098,0.093,0.092,0.091,0.091,0.092,0.155,0.15,0.521,0.38,0.11,0.091,0.091,0.446,0.259,0.779,0.638,0.094,0.091,0.092,0.092,0.092,0.092,0.09,0.09,0.092,0.093,0.099,0.091,0.092,0.28,0.155,0.578,0.373,0.108,0.091,0.092,0.465,0.421,0.761,0.652,0.094,0.092,0.092,0.092,0.091,0.092,0.093,0.091,0.092,0.091,0.096,0.091,0.092,0.246,0.146,0.512,0.374,0.109,0.099,0.093,0.452,0.26,0.836,0.78,0.093,0.095,0.092,0.092,0.091,0.092,0.092,0.098,0.091,0.092,0.091,0.091,0.092
13.50,0.211,0.151,0.468,0.394,0.108,0.093,0.093,0.478,0.302,0.843,0.798,0.096,0.092,0.091,0.092,0.092,0.091,0.098,0.098,0.093,0.092,0.091,0.091,0.092,0.19,0.153,0.496,0.403,0.11,0.091,0.091,0.48,0.267,0.784,0.667,0.094,0.091,0.092,0.092,0.092,0.092,0.09,0.09,0.092,0.093,0.099,0.091,0.092,0.245,0.162,0.535,0.396,0.108,0.092,0.092,0.483,0.396,0.761,0.681,0.094,0.092,0.092,0.092,0.091,0.092,0.093,0.091,0.092,0.092,0.096,0.091,0.092,0.242,0.15,0.502,0.395,0.109,0.099,0.093,0.471,0.27,0.732,0.802,0.093,0.095,0.092,0.092,0.091,0.092,0.092,0.098,0.091,0.092,0.091,0.091,0.092
14.00,0.241,0.155,0.456,0.416,0.108,0.093,0.093,0.505,0.317,0.838,0.831,0.096,0.092,0.091,0.092,0.092,0.091,0.098,0.099,0.093,0.092,0.091,0.092,0.092,0.214,0.152,0.496,0.427,0.11,0.091,0.091,0.505,0.273,0.781,0.686,0.095,0.091,0.092,0.092,0.092,0.092,0.09,0.09,0.092,0.093,0.099,0.091,0.092,0.235,0.168,0.518,0.416,0.108,0.091,0.092,0.501,0.35,0.742,0.703,0.094,0.092,0.092,0.092,0.091,0.093,0.093,0.091,0.092,0.092,0.096,0.092,0.092,0.265,0.153,0.471,0.413,0.109,0.099,0.093,0.491,0.282,0.767,0.825,0.093,0.098,0.092,0.092,0.091,0.092,0.092,0.098,0.091,0.092,0.091,0.091,0.092
14.50,0.277,0.156,0.451,0.437,0.109,0.093,0.093,0.493,0.327,0.831,0.858,0.096,0.092,0.091,0.092,0.092,0.092,0.098,0.098,0.093,0.092,0.091,0.091,0.092,0.226,0.145,0.478,0.448,0.11,0.091,0.091,0.551,0.238,0.792,0.709,0.094,0.091,0.092,0.092,0.092,0.092,0.09,0.09,0.092,0.093,0.099,0.091,0.092,0.263,0.172,0.501,0.438,0.108,0.092,0.092,0.515,0.324,0.752,0.733,0.094,0.092,0.092,0.092,0.091,0.092,0.093,0.091,0.092,0.092,0.096,0.092,0.092,0.292,0.151,0.443,0.433,0.11,0.099,0.093,0.512,0.281,0.778,0.847,0.093,0.099,0.092,0.092,0.091,0.092,0.092,0.098,0.091,0.092,0.092,0.091,0.092
15.00,0.32,0.151,0.423,0.452,0.11,0.093,0.093,0.525,0.323,0.808,0.895,0.096,0.092,0.091,0.092,0.092,0.091,0.098,0.098,0.093,0.092,0.091,0.091,0.092,0.234,0.137,0.488,0.464,0.111,0.091,0.091,0.562,0.243,0.778,0.738,0.094,0.091,0.092,0.092,0.092,0.092,0.09,0.09,0.092,0.093,0.099,0.091,0.092,0.276,0.167,0.485,0.453,0.109,0.092,0.092,0.502,0.281,0.686,0.76,0.094,0.092,0.092,0.092,0.091,0.092,0.093,0.091,0.092,0.092,0.096,0.091,0.092,0.309,0.148,0.445,0.449,0.111,0.1,0.093,0.528,0.282,0.793,0.873,0.093,0.093,0.092,0.092,0.091,0.092,0.092,0.098,0.091,0.092,0.091,0.091,0.092
15.50,0.327,0.144,0.403,0.47,0.111,0.093,0.093,0.549,0.331,0.828,0.924,0.096,0.092,0.091,0.092,0.092,0.092,0.098,0.099,0.093,0.092,0.091,0.092,0.092,0.24,0.13,0.453,0.478,0.111,0.091,0.091,0.549,0.266,0.794,0.762,0.095,0.092,0.092,0.092,0.092,0.092,0.09,0.09,0.092,0.093,0.099,0.091,0.092,0.285,0.158,0.501,0.467,0.109,0.09,0.092,0.517,0.344,0.712,0.783,0.094,0.092,0.092,0.092,0.091,0.092,0.093,0.091,0.092,0.092,0.096,0.092,0.092,0.332,0.145,0.441,0.463,0.111,0.099,0.093,0.536,0.302,0.784,0.896,0.093,0.093,0.092,0.092,0.091,0.092,0.092,0.098,0.091,0.092,0.092,0.091,0.092
16.00,0.365,0.14,0.393,0.483,0.111,0.093,0.093,0.562,0.351,0.825,0.942,0.096,0.092,0.091,0.092,0.092,0.092,0.098,0.098,0.093,0.092,0.091,0.091,0.092,0.252,0.125,0.447,0.491,0.111,0.091,0.091,0.578,0.296,0.807,0.785,0.094,0.091,0.092,0.092,0.092,0.092,0.09,0.09,0.092,0.093,0.099,0.091,0.092,0.299,0.15,0.474,0.479,0.11,0.09,0.092,0.513,0.351,0.7,0.808,0.094,0.092,0.092,0.092,0.091,0.092,0.093,0.091,0.092,0.091,0.093,0.091,0.092,0.337,0.142,0.423,0.48,0.112,0.099,0.093,0.545,0.365,0.789,0.914,0.093,0.093,0.092,0.092,0.091,0.092,0.092,0.098,0.091,0.092,0.091,0.091,0.092
16.50,0.384,0.136,0.393,0.496,0.112,0.093,0.093,0.577,0.403,0.801,0.953,0.097,0.092,0.091,0.092,0.092,0.092,0.098,0.099,0.093,0.092,0.091,0.091,0.092,0.275,0.122,0.448,0.504,0.111,0.091,0.091,0.519,0.394,0.863,0.804,0.094,0.091,0.092,0.092,0.092,0.092,0.09,0.09,0.092,0.093,0.099,0.091,0.092,0.34,0.144,0.452,0.491,0.11,0.09,0.092,0.525,0.366,0.749,0.828,0.094,0.092,0.092,0.092,0.091,0.092,0.093,0.091,0.092,0.091,0.093,0.092,0.092,0.359,0.139,0.386,0.495,0.111,0.099,0.093,0.559,0.421,0.765,0.926,0.093,0.093,0.092,0.092,0.091,0.092,0.092,0.098,0.091,0.092,0.091,0.091,0.092
17.00,0.385,0.133,0.39,0.506,0.111,0.093,0.093,0.585,0.404,0.802,0.962,0.097,0.092,0.091,0.092,0.092,0.092,0.098,0.098,0.093,0.092,0.091,0.091,0.092,0.294,0.121,0.395,0.515,0.112,0.091,0.091,0.499,0.346,0.764,0.82,0.095,0.091,0.092,0.092,0.092,0.092,0.09,0.09,0.092,0.093,0.099,0.091,0.092,0.324,0.139,0.446,0.501,0.11,0.09,0.092,0.515,0.347,0.656,0.844,0.094,0.092,0.092,0.092,0.091,0.092,0.093,0.091,0.092,0.091,0.093,0.091,0.092,0.372,0.139,0.393,0.507,0.111,0.099,0.093,0.559,0.406,0.773,0.938,0.093,0.093,0.092,0.092,0.091,0.092,0.092,0.098,0.091,0.092,0.091,0.091,0.092
17.50,0.442,0.132,0.387,0.518,0.112,0.093,0.093,0.596,0.419,0.862,0.966,0.097,0.092,0.091,0.092,0.092,0.091,0.098,0.098,0.093,0.092,0.091,0.092,0.092,0.329,0.12,0.391,0.526,0.111,0.091,0.091,0.492,0.375,0.786,0.833,0.094,0.091,0.092,0.092,0.092,0.092,0.09,0.09,0.092,0.093,0.099,0.091,0.092,0.325,0.136,0.432,0.509,0.11,0.09,0.092,0.514,0.316,0.658,0.862,0.094,0.092,0.092,0.092,0.091,0.092,0.093,0.091,0.092,0.091,0.093,0.091,0.092,0.395,0.138,0.377,0.518,0.111,0.099,0.093,0.573,0.426,0.713,0.947,0.093,0.093,0.092,0.092,0.091,0.092,0.092,0.098,0.091,0.092,0.091,0.091,0.092
18.00,0.46,0.133,0.365,0.53,0.111,0.093,0.093,0.607,0.438,0.861,0.97,0.097,0.092,0.091,0.092,0.092,0.091,0.098,0.099,0.093,0.092,0.091,0.091,0.092,0.32,0.12,0.435,0.534,0.111,0.091,0.091,0.487,0.355,0.812,0.841,0.095,0.091,0.092,0.092,0.092,0.092,0.09,0.09,0.092,0.093,0.099,0.091,0.092,0.345,0.133,0.48,0.521,0.11,0.09,0.092,0.516,0.309,0.635,0.865,0.094,0.092,0.092,0.092,0.091,0.092,0.093,0.091,0.092,0.091,0.093,0.092,0.092,0.394,0.138,0.365,0.527,0.111,0.099,0.093,0.58,0.457,0.705,0.955,0.094,0.093,0.092,0.092,0.091,0.092,0.092,0.098,0.091,0.092,0.091,0.091,0.092
18.50,0.475,0.134,0.372,0.538,0.112,0.093,0.093,0.612,0.499,0.883,0.971,0.097,0.092,0.091,0.092,0.092,0.092,0.098,0.099,0.093,0.092,0.091,0.092,0.092,0.351,0.119,0.382,0.546,0.111,0.091,0.091,0.476,0.274,0.954,0.847,0.095,0.092,0.092,0.092,0.092,0.092,0.09,0.09,0.092,0.093,0.099,0.091,0.092,0.364,0.131,0.424,0.532,0.11,0.09,0.092,0.514,0.322,0.697,0.876,0.094,0.092,0.092,0.092,0.091,0.092,0.093,0.091,0.092,0.092,0.093,0.092,0.093,0.414,0.14,0.36,0.54,0.111,0.099,0.093,0.59,0.379,1.015,0.961,0.094,0.093,0.092,0.092,0.091,0.092,0.092,0.098,0.092,0.092,0.092,0.091,0.092
19.00,0.501,0.135,0.359,0.547,0.111,0.093,0.093,0.612,0.504,0.876,0.971,0.097,0.092,0.091,0.092,0.092,0.091,0.098,0.099,0.093,0.092,0.091,0.092,0.092,0.347,0.119,0.392,0.556,0.111,0.091,0.091,0.472,0.321,0.917,0.853,0.094,0.091,0.092,0.092,0.092,0.092,0.09,0.09,0.092,0.093,0.099,0.091,0.092,0.387,0.13,0.425,0.54,0.11,0.09,0.092,0.495,0.288,0.721,0.879,0.094,0.092,0.092,0.092,0.091,0.093,0.093,0.091,0.092,0.092,0.093,0.092,0.092,0.41,0.143,0.347,0.549,0.112,0.099,0.093,0.599,0.403,1.065,0.966,0.094,0.093,0.092,0.092,0.091,0.092,0.092,0.098,0.092,0.092,0.091,0.091,0.092
19.50,0.512,0.136,0.378,0.558,0.112,0.093,0.093,0.622,0.484,0.866,0.974,0.097,0.092,0.091,0.092,0.092,0.092,0.098,0.098,0.093,0.092,0.091,0.092,0.092,0.358,0.119,0.372,0.565,0.111,0.091,0.091,0.454,0.276,0.927,0.858,0.094,0.091,0.092,0.092,0.092,0.092,0.09,0.09,0.092,0.093,0.099,0.091,0.092,0.377,0.129,0.428,0.55,0.11,0.09,0.092,0.482,0.291,0.708,0.885,0.094,0.092,0.092,0.092,0.091,0.092,0.093,0.091,0.092,0.092,0.093,0.092,0.092,0.399,0.149,0.352,0.559,0.112,0.099,0.093,0.604,0.405,1.027,0.97,0.094,0.093,0.092,0.092,0.091,0.092,0.092,0.098,0.091,0.092,0.091,0.091,0.092
20.00,0.511,0.137,0.381,0.568,0.112,0.093,0.093,0.606,0.557,0.86,0.974,0.097,0.092,0.091,0.092,0.092,0.092,0.098,0.099,0.093,0.092,0.091,0.092,0.092,0.396,0.119,0.377,0.575,0.111,0.091,0.091,0.473,0.271,0.871,0.861,0.094,0.091,0.092,0.092,0.092,0.092,0.09,0.09,0.092,0.093,0.099,0.091,0.092,0.395,0.129,0.418,0.56,0.11,0.09,0.092,0.514,0.324,0.697,0.89,0.094,0.092,0.092,0.092,0.091,0.092,0.093,0.091,0.092,0.091,0.093,0.092,0.092,0.419,0.154,0.345,0.571,0.112,0.099,0.093,0.616,0.414,1.004,0.972,0.094,0.093,0.092,0.092,0.091,0.092,0.092,0.098,0.091,0.092,0.091,0.091,0.092
20.50,0.499,0.137,0.382,0.576,0.112,0.093,0.093,0.636,0.693,0.854,0.975,0.097,0.092,0.091,0.092,0.092,0.092,0.098,0.098,0.093,0.092,0.091,0.092,0.092,0.4,0.118,0.393,0.585,0.111,0.091,0.091,0.446,0.273,0.898,0.865,0.095,0.091,0.092,0.092,0.092,0.092,0.09,0.09,0.092,0.093,0.099,0.091,0.092,0.397,0.128,0.423,0.57,0.11,0.09,0.092,0.503,0.335,0.726,0.894,0.094,0.092,0.092,0.092,0.091,0.092,0.093,0.091,0.092,0.092,0.093,0.092,0.092,0.417,0.154,0.366,0.58,0.112,0.099,0.093,0.627,0.333,0.979,0.974,0.094,0.093,0.092,0.092,0.091,0.092,0.092,0.098,0.091,0.092,0.091,0.091,0.092
21.00,0.473,0.135,0.382,0.584,0.112,0.093,0.093,0.634,0.693,0.848,0.975,0.097,0.092,0.091,0.092,0.092,0.091,0.098,0.099,0.093,0.092,0.091,0.092,0.092,0.406,0.118,0.369,0.595,0.111,0.091,0.091,0.431,0.262,0.856,0.869,0.095,0.091,0.092,0.092,0.092,0.092,0.09,0.09,0.092,0.093,0.099,0.091,0.092,0.389,0.128,0.409,0.578,0.11,0.09,0.092,0.473,0.306,0.795,0.897,0.094,0.092,0.092,0.092,0.091,0.092,0.093,0.091,0.092,0.092,0.093,0.091,0.092,0.386,0.153,0.333,0.588,0.112,0.099,0.093,0.64,0.375,0.969,0.976,0.094,0.093,0.092,0.092,0.091,0.092,0.092,0.098,0.091,0.092,0.091,0.091,0.092
21.50,0.474,0.132,0.373,0.592,0.112,0.093,0.093,0.728,0.345,0.848,0.973,0.097,0.092,0.091,0.092,0.092,0.091,0.098,0.099,0.093,0.092,0.091,0.092,0.092,0.417,0.118,0.365,0.604,0.111,0.091,0.091,0.425,0.292,0.977,0.874,0.094,0.091,0.092,0.092,0.092,0.092,0.09,0.09,0.092,0.093,0.099,0.091,0.092,0.381,0.128,0.394,0.587,0.11,0.09,0.092,0.475,0.298,0.76,0.898,0.094,0.092,0.092,0.092,0.091,0.092,0.093,0.091,0.092,0.091,0.093,0.092,0.092,0.398,0.153,0.342,0.596,0.112,0.099,0.093,0.636,0.399,0.965,0.977,0.095,0.093,0.092,0.092,0.091,0.092,0.092,0.098,0.091,0.092,0.091,0.091,0.092
22.00,0.46,0.128,0.35,0.602,0.112,0.093,0.093,0.923,0.324,0.888,0.976,0.097,0.092,0.091,0.092,0.092,0.092,0.098,0.099,0.093,0.092,0.091,0.092,0.092,0.416,0.118,0.367,0.614,0.112,0.091,0.091,0.425,0.307,1.012,0.877,0.095,0.092,0.092,0.092,0.092,0.092,0.09,0.09,0.092,0.093,0.099,0.091,0.092,0.376,0.128,0.393,0.596,0.11,0.09,0.092,0.48,0.244,0.767,0.899,0.095,0.092,0.092,0.092,0.091,0.092,0.093,0.091,0.092,0.092,0.093,0.092,0.093,0.391,0.153,0.338,0.603,0.112,0.099,0.093,0.652,0.376,0.957,0.98,0.095,0.093,0.092,0.092,0.091,0.092,0.092,0.098,0.092,0.092,0.091,0.091,0.092
22.50,0.46,0.123,0.376,0.607,0.112,0.093,0.093,0.895,0.4,0.852,0.976,0.097,0.092,0.091,0.092,0.092,0.091,0.098,0.099,0.093,0.092,0.091,0.092,0.092,0.404,0.118,0.359,0.624,0.111,0.091,0.091,0.464,0.271,0.999,0.879,0.095,0.091,0.092,0.092,0.092,0.092,0.09,0.09,0.092,0.093,0.099,0.091,0.092,0.36,0.127,0.412,0.604,0.11,0.09,0.092,0.478,0.27,0.796,0.901,0.095,0.092,0.092,0.092,0.091,0.092,0.092,0.091,0.092,0.091,0.093,0.091,0.092,0.377,0.15,0.332,0.608,0.112,0.099,0.093,0.65,0.4,0.942,0.981,0.094,0.093,0.092,0.092,0.091,0.092,0.092,0.098,0.091,0.092,0.091,0.091,0.092
23.00,0.456,0.121,0.378,0.613,0.112,0.093,0.093,0.896,0.369,0.87,0.974,0.097,0.092,0.091,0.092,0.092,0.091,0.098,0.099,0.093,0.092,0.091,0.092,0.092,0.406,0.118,0.357,0.631,0.112,0.091,0.091,0.417,0.283,1.017,0.878,0.095,0.092,0.092,0.092,0.092,0.092,0.09,0.09,0.092,0.093,0.099,0.091,0.092,0.362,0.128,0.418,0.611,0.11,0.09,0.092,0.497,0.271,0.741,0.9,0.095,0.092,0.092,0.092,0.091,0.092,0.093,0.091,0.092,0.091,0.093,0.092,0.092,0.377,0.146,0.329,0.614,0.112,0.099,0.093,0.653,0.401,0.947,0.983,0.094,0.093,0.092,0.092,0.091,0.092,0.092,0.098,0.091,0.092,0.092,0.091,0.092
23.50,0.461,0.12,0.39,0.618,0.112,0.093,0.093,0.884,0.331,0.885,0.971,0.097,0.092,0.091,0.092,0.092,0.092,0.098,0.099,0.093,0.092,0.091,0.092,0.092,0.393,0.118,0.361,0.638,0.112,0.091,0.091,0.46,0.277,0.973,0.877,0.095,0.091,0.092,0.092,0.092,0.092,0.09,0.09,0.092,0.093,0.099,0.091,0.092,0.361,0.128,0.398,0.617,0.11,0.09,0.092,0.505,0.313,0.77,0.901,0.095,0.092,0.092,0.092,0.091,0.092,0.093,0.091,0.092,0.092,0.093,0.091,0.093,0.365,0.145,0.324,0.617,0.112,0.099,0.093,0.64,0.34,0.934,0.983,0.094,0.093,0.092,0.092,0.091,0.092,0.092,0.098,0.091,0.092,0.091,0.091,0.092
24.00,0.46,0.12,0.374,0.623,0.112,0.093,0.093,0.918,0.335,0.892,0.97,0.097,0.092,0.091,0.092,0.092,0.092,0.098,0.099,0.093,0.092,0.091,0.092,0.092,0.388,0.118,0.357,0.645,0.112,0.091,0.091,0.475,0.27,1.011,0.875,0.095,0.091,0.092,0.092,0.092,0.092,0.09,0.09,0.092,0.093,0.099,0.091,0.092,0.377,0.127,0.413,0.622,0.11,0.09,0.092,0.509,0.311,1.121,0.902,0.095,0.092,0.092,0.092,0.091,0.092,0.093,0.091,0.092,0.091,0.093,0.092,0.092,0.367,0.144,0.348,0.622,0.112,0.099,0.093,0.662,0.298,0.881,0.983,0.094,0.093,0.092,0.092,0.091,0.092,0.092,0.098,0.091,0.092,0.091,0.091,0.092
24.50,0.475,0.12,0.371,0.626,0.113,0.093,0.093,0.995,0.333,0.848,0.969,0.097,0.092,0.091,0.092,0.092,0.091,0.098,0.099,0.092,0.092,0.091,0.091,0.092,0.382,0.119,0.34,0.651,0.112,0.091,0.091,0.494,0.342,1.063,0.875,0.095,0.091,0.092,0.092,0.092,0.092,0.09,0.09,0.092,0.093,0.099,0.091,0.092,0.353,0.127,0.398,0.627,0.11,0.09,0.092,0.521,0.277,1.497,0.904,0.095,0.092,0.092,0.092,0.091,0.092,0.093,0.091,0.092,0.091,0.093,0.091,0.092,0.335,0.143,0.32,0.628,0.112,0.099,0.093,0.661,0.318,1.033,0.983,0.094,0.093,0.092,0.092,0.091,0.092,0.092,0.098,0.091,0.092,0.091,0.091,0.092
25.00,0.477,0.12,0.348,0.63,0.113,0.093,0.093,0.988,0.336,0.91,0.964,0.097,0.092,0.091,0.092,0.092,0.092,0.098,0.098,0.093,0.092,0.091,0.091,0.092,0.378,0.119,0.349,0.657,0.112,0.091,0.091,0.434,0.41,1.144,0.873,0.095,0.091,0.092,0.092,0.092,0.092,0.09,0.09,0.092,0.093,0.099,0.091,0.092,0.348,0.127,0.406,0.634,0.11,0.09,0.092,0.539,0.298,1.253,0.904,0.095,0.092,0.092,0.092,0.091,0.092,0.093,0.091,0.092,0.091,0.093,0.092,0.092,0.335,0.143,0.327,0.63,0.112,0.099,0.093,0.711,0.294,1.108,0.98,0.095,0.093,0.092,0.092,0.091,0.092,0.092,0.098,0.091,0.092,0.092,0.091,0.092
25.50,0.477,0.121,0.351,0.632,0.113,0.093,0.093,0.99,0.349,0.888,0.958,0.097,0.092,0.091,0.092,0.092,0.091,0.098,0.098,0.093,0.092,0.091,0.092,0.092,0.37,0.119,0.348,0.662,0.112,0.091,0.091,0.501,0.408,1.083,0.869,0.095,0.091,0.092,0.092,0.092,0.092,0.09,0.09,0.092,0.093,0.099,0.091,0.092,0.342,0.127,0.404,0.638,0.11,0.09,0.092,0.528,0.333,1.209,0.904,0.095,0.092,0.092,0.092,0.091,0.092,0.093,0.091,0.092,0.091,0.093,0.091,0.092,0.311,0.143,0.308,0.631,0.113,0.099,0.093,0.826,0.264,1.118,0.977,0.094,0.093,0.092,0.092,0.091,0.092,0.092,0.098,0.091,0.092,0.091,0.091,0.092
26.00,0.473,0.121,0.349,0.636,0.113,0.093,0.093,0.965,0.367,0.87,0.955,0.097,0.092,0.091,0.092,0.092,0.092,0.098,0.099,0.093,0.092,0.091,0.092,0.092,0.376,0.12,0.333,0.668,0.112,0.091,0.091,0.464,0.377,1.11,0.868,0.095,0.092,0.092,0.092,0.092,0.092,0.09,0.09,0.092,0.093,0.099,0.091,0.092,0.34,0.127,0.378,0.644,0.11,0.09,0.092,0.53,0.35,1.18,0.904,0.095,0.092,0.092,0.092,0.091,0.092,0.093,0.091,0.092,0.092,0.093,0.092,0.093,0.307,0.14,0.32,0.636,0.113,0.099,0.093,0.835,0.267,1.032,0.976,0.094,0.093,0.092,0.092,0.091,0.092,0.092,0.098,0.091,0.092,0.092,0.091,0.092
26.50,0.479,0.121,0.344,0.64,0.113,0.093,0.093,0.974,0.393,0.869,0.949,0.097,0.092,0.091,0.092,0.092,0.092,0.098,0.098,0.093,0.092,0.091,0.092,0.092,0.372,0.12,0.336,0.674,0.112,0.091,0.091,0.467,0.327,1.098,0.866,0.095,0.092,0.092,0.092,0.092,0.092,0.09,0.09,0.092,0.093,0.099,0.091,0.092,0.336,0.128,0.395,0.648,0.11,0.09,0.092,0.529,0.339,1.131,0.905,0.095,0.092,0.092,0.092,0.091,0.092,0.093,0.091,0.092,0.092,0.093,0.091,0.093,0.293,0.136,0.313,0.64,0.113,0.099,0.093,0.816,0.319,0.964,0.973,0.094,0.093,0.092,0.092,0.091,0.092,0.092,0.098,0.091,0.092,0.092,0.091,0.092
27.00,0.468,0.122,0.334,0.646,0.113,0.093,0.093,0.98,0.361,0.807,0.943,0.097,0.092,0.091,0.092,0.092,0.091,0.098,0.099,0.093,0.092,0.091,0.091,0.092,0.382,0.12,0.318,0.681,0.112,0.091,0.091,0.489,0.303,1.109,0.863,0.095,0.091,0.092,0.092,0.092,0.092,0.09,0.09,0.092,0.093,0.099,0.091,0.092,0.341,0.128,0.392,0.656,0.11,0.09,0.092,0.529,0.296,1.145,0.908,0.095,0.092,0.092,0.092,0.091,0.092,0.093,0.091,0.092,0.092,0.093,0.091,0.092,0.293,0.134,0.304,0.643,0.113,0.099,0.093,0.814,0.321,0.894,0.97,0.094,0.093,0.092,0.092,0.091,0.092,0.092,0.098,0.091,0.092,0.091,0.091,0.092
27.50,0.444,0.123,0.334,0.65,0.113,0.093,0.093,0.983,0.373,0.784,0.94,0.097,0.092,0.091,0.092,0.092,0.092,0.098,0.099,0.093,0.092,0.091,0.092,0.092,0.371,0.12,0.318,0.688,0.112,0.091,0.091,0.505,0.329,1.07,0.862,0.095,0.092,0.092,0.092,0.092,0.092,0.09,0.09,0.092,0.093,0.099,0.091,0.092,0.337,0.128,0.369,0.661,0.111,0.09,0.092,0.534,0.314,1.104,0.908,0.095,0.092,0.092,0.092,0.091,0.093,0.093,0.091,0.092,0.092,0.093,0.092,0.093,0.288,0.133,0.297,0.647,0.113,0.099,0.093,0.797,0.326,0.96,0.968,0.094,0.093,0.092,0.093,0.091,0.092,0.092,0.098,0.092,0.092,0.092,0.091,0.092
28.00,0.477,0.124,0.331,0.657,0.113,0.093,0.093,1.089,0.428,0.803,0.939,0.097,0.092,0.091,0.092,0.092,0.091,0.098,0.099,0.093,0.092,0.091,0.092,0.092,0.366,0.121,0.303,0.695,0.112,0.091,0.091,0.508,0.314,1.097,0.862,0.095,0.092,0.092,0.092,0.092,0.092,0.09,0.09,0.092,0.093,0.099,0.091,0.092,0.346,0.128,0.381,0.668,0.11,0.09,0.092,0.541,0.342,1.122,0.911,0.095,0.092,0.092,0.092,0.091,0.092,0.093,0.091,0.092,0.092,0.093,0.091,0.093,0.287,0.132,0.297,0.653,0.113,0.099,0.093,0.781,0.591,0.903,0.966,0.094,0.093,0.092,0.092,0.091,0.092,0.092,0.098,0.091,0.092,0.091,0.091,0.092
28.50,0.456,0.124,0.323,0.662,0.113,0.093,0.093,1.028,0.423,0.966,0.928,0.097,0.092,0.091,0.092,0.092,0.091,0.098,0.098,0.093,0.092,0.091,0.091,0.092,0.377,0.122,0.295,0.707,0.112,0.091,0.091,0.467,0.301,1.082,0.857,0.095,0.092,0.092,0.092,0.092,0.092,0.09,0.09,0.092,0.093,0.099,0.091,0.092,0.356,0.129,0.373,0.677,0.11,0.09,0.092,0.535,0.339,1.067,0.908,0.095,0.092,0.092,0.092,0.091,0.092,0.093,0.091,0.092,0.091,0.093,0.091,0.092,0.282,0.131,0.293,0.659,0.113,0.099,0.093,0.901,0.583,1,0.96,0.094,0.093,0.092,0.092,0.091,0.092,0.092,0.098,0.091,0.092,0.091,0.091,0.092
29.00,0.444,0.125,0.318,0.667,0.113,0.093,0.093,1.052,0.432,0.924,0.922,0.097,0.092,0.091,0.092,0.092,0.091,0.098,0.099,0.093,0.092,0.091,0.092,0.092,0.383,0.122,0.291,0.716,0.112,0.091,0.091,0.507,0.304,1.202,0.856,0.095,0.091,0.092,0.092,0.092,0.092,0.09,0.09,0.092,0.093,0.099,0.091,0.092,0.354,0.129,0.354,0.686,0.11,0.09,0.092,0.52,0.334,1.066,0.91,0.095,0.092,0.092,0.092,0.091,0.092,0.093,0.091,0.092,0.091,0.093,0.091,0.092,0.272,0.131,0.289,0.665,0.113,0.099,0.093,0.925,0.569,0.973,0.957,0.094,0.093,0.092,0.092,0.091,0.092,0.092,0.098,0.091,0.092,0.092,0.091,0.092
29.50,0.457,0.126,0.314,0.673,0.113,0.093,0.093,1.016,0.444,0.994,0.917,0.096,0.092,0.091,0.092,0.092,0.092,0.098,0.099,0.093,0.092,0.091,0.092,0.092,0.366,0.123,0.289,0.725,0.112,0.091,0.091,0.459,0.371,1.111,0.856,0.095,0.091,0.092,0.092,0.092,0.092,0.09,0.09,0.092,0.093,0.099,0.091,0.092,0.371,0.129,0.349,0.694,0.111,0.09,0.092,0.503,0.403,1.035,0.911,0.095,0.092,0.092,0.092,0.091,0.093,0.093,0.091,0.092,0.092,0.093,0.092,0.092,0.27,0.13,0.285,0.67,0.113,0.099,0.093,0.905,0.566,1.024,0.953,0.094,0.093,0.092,0.092,0.091,0.092,0.092,0.098,0.091,0.092,0.091,0.091,0.092
30.00,0.438,0.127,0.306,0.681,0.114,0.093,0.093,0.985,0.439,0.851,0.91,0.096,0.092,0.091,0.092,0.092,0.092,0.098,0.099,0.093,0.092,0.091,0.092,0.092,0.364,0.124,0.285,0.733,0.112,0.091,0.091,0.498,0.42,1.083,0.853,0.095,0.091,0.092,0.092,0.092,0.092,0.09,0.09,0.092,0.093,0.099,0.091,0.092,0.367,0.13,0.344,0.702,0.111,0.09,0.092,0.511,0.43,1.027,0.911,0.095,0.092,0.092,0.092,0.091,0.093,0.093,0.091,0.092,0.091,0.093,0.092,0.093,0.268,0.13,0.281,0.675,0.113,0.099,0.093,0.897,0.553,1.018,0.951,0.094,0.093,0.092,0.092,0.091,0.092,0.092,0.098,0.091,0.092,0.092,0.091,0.092
30.50,0.435,0.127,0.3,0.687,0.114,0.093,0.093,0.929,0.436,0.709,0.906,0.096,0.092,0.091,0.092,0.092,0.092,0.098,0.098,0.093,0.092,0.091,0.092,0.092,0.355,0.125,0.282,0.742,0.112,0.091,0.091,0.484,0.391,1.102,0.855,0.096,0.091,0.092,0.092,0.092,0.092,0.09,0.09,0.092,0.093,0.099,0.091,0.092,0.371,0.13,0.339,0.713,0.111,0.09,0.092,0.494,0.411,0.991,0.913,0.095,0.092,0.092,0.092,0.091,0.092,0.093,0.091,0.092,0.091,0.093,0.091,0.092,0.258,0.13,0.279,0.681,0.113,0.099,0.093,0.876,0.528,1.025,0.946,0.093,0.093,0.092,0.092,0.091,0.092,0.092,0.098,0.091,0.092,0.091,0.091,0.092
31.00,0.425,0.128,0.294,0.693,0.114,0.093,0.093,0.879,0.481,0.798,0.901,0.096,0.092,0.091,0.092,0.092,0.092,0.098,0.098,0.093,0.092,0.091,0.092,0.092,0.342,0.125,0.279,0.75,0.112,0.091,0.091,0.484,0.431,1.062,0.854,0.096,0.091,0.092,0.092,0.092,0.092,0.09,0.09,0.092,0.093,0.099,0.091,0.092,0.379,0.131,0.33,0.721,0.111,0.09,0.092,0.487,0.467,0.986,0.914,0.095,0.092,0.092,0.092,0.091,0.092,0.093,0.091,0.092,0.091,0.093,0.091,0.092,0.253,0.13,0.275,0.689,0.114,0.099,0.093,0.904,0.534,1.074,0.944,0.094,0.093,0.092,0.092,0.091,0.092,0.092,0.098,0.091,0.092,0.091,0.091,0.092
31.50,0.422,0.129,0.292,0.702,0.114,0.093,0.093,0.896,0.481,0.804,0.894,0.097,0.092,0.091,0.092,0.092,0.092,0.098,0.099,0.093,0.092,0.091,0.092,0.092,0.344,0.126,0.275,0.759,0.113,0.091,0.091,0.506,0.448,1.076,0.852,0.096,0.092,0.092,0.092,0.092,0.092,0.09,0.09,0.092,0.093,0.099,0.091,0.092,0.367,0.132,0.322,0.73,0.111,0.09,0.092,0.473,0.42,0.943,0.913,0.095,0.092,0.092,0.092,0.091,0.093,0.093,0.091,0.092,0.092,0.093,0.092,0.093,0.246,0.13,0.269,0.697,0.114,0.099,0.093,0.864,0.543,1.034,0.941,0.093,0.093,0.092,0.092,0.091,0.092,0.092,0.098,0.092,0.092,0.092,0.091,0.092
32.00,0.427,0.13,0.287,0.71,0.114,0.093,0.093,0.896,0.49,0.806,0.889,0.097,0.092,0.091,0.092,0.092,0.092,0.098,0.099,0.093,0.092,0.091,0.092,0.092,0.329,0.127,0.271,0.767,0.113,0.091,0.091,0.516,0.458,1.02,0.853,0.096,0.091,0.092,0.092,0.092,0.092,0.09,0.09,0.092,0.093,0.099,0.091,0.092,0.385,0.132,0.317,0.737,0.111,0.09,0.092,0.445,0.301,0.927,0.914,0.095,0.092,0.092,0.092,0.091,0.092,0.093,0.091,0.092,0.092,0.093,0.091,0.093,0.224,0.13,0.267,0.704,0.114,0.099,0.093,0.926,0.536,0.95,0.939,0.094,0.093,0.092,0.092,0.091,0.092,0.092,0.098,0.091,0.092,0.092,0.091,0.092
32.50,0.423,0.13,0.285,0.717,0.114,0.093,0.093,1.008,0.493,0.804,0.882,0.096,0.092,0.091,0.092,0.092,0.091,0.098,0.098,0.093,0.092,0.091,0.092,0.092,0.333,0.128,0.27,0.775,0.113,0.091,0.091,0.478,0.46,1.043,0.85,0.096,0.091,0.092,0.092,0.092,0.092,0.09,0.09,0.092,0.093,0.099,0.091,0.092,0.382,0.132,0.312,0.746,0.111,0.09,0.092,0.475,0.303,0.899,0.911,0.096,0.092,0.092,0.092,0.091,0.092,0.093,0.091,0.092,0.091,0.093,0.091,0.092,0.221,0.13,0.264,0.71,0.114,0.099,0.093,0.891,0.562,0.941,0.933,0.093,0.093,0.092,0.092,0.091,0.092,0.092,0.098,0.091,0.092,0.092,0.091,0.092
33.00,0.413,0.13,0.281,0.726,0.114,0.093,0.093,0.969,0.487,0.834,0.875,0.096,0.092,0.091,0.092,0.092,0.092,0.098,0.099,0.093,0.092,0.091,0.092,0.092,0.316,0.129,0.266,0.781,0.113,0.091,0.091,0.49,0.461,1.147,0.851,0.096,0.091,0.092,0.092,0.092,0.092,0.09,0.09,0.092,0.093,0.099,0.091,0.092,0.365,0.133,0.309,0.754,0.111,0.09,0.092,0.565,0.345,0.993,0.911,0.096,0.092,0.092,0.092,0.091,0.093,0.093,0.091,0.092,0.092,0.093,0.092,0.093,0.213,0.131,0.261,0.717,0.114,0.099,0.093,0.977,0.574,0.98,0.929,0.093,0.093,0.092,0.092,0.091,0.092,0.092,0.098,0.092,0.092,0.092,0.091,0.092
33.50,0.411,0.13,0.276,0.73,0.114,0.093,0.093,1.082,0.474,0.872,0.866,0.096,0.092,0.091,0.092,0.092,0.092,0.098,0.099,0.093,0.092,0.091,0.092,0.092,0.326,0.13,0.264,0.789,0.113,0.091,0.091,0.518,0.484,1.119,0.849,0.096,0.091,0.092,0.092,0.092,0.092,0.09,0.09,0.092,0.093,0.099,0.091,0.092,0.345,0.134,0.303,0.767,0.111,0.09,0.092,0.54,0.371,0.962,0.909,0.096,0.092,0.092,0.092,0.091,0.092,0.093,0.091,0.092,0.092,0.093,0.092,0.092,0.206,0.131,0.259,0.724,0.114,0.099,0.093,0.965,0.584,0.999,0.924,0.093,0.093,0.092,0.092,0.091,0.092,0.092,0.098,0.091,0.092,0.092,0.091,0.092
34.00,0.415,0.132,0.274,0.736,0.114,0.093,0.093,1.093,0.468,0.992,0.859,0.096,0.092,0.091,0.092,0.092,0.092,0.098,0.099,0.093,0.092,0.091,0.092,0.092,0.312,0.131,0.261,0.795,0.113,0.091,0.091,0.476,0.469,1.227,0.849,0.095,0.092,0.092,0.092,0.092,0.092,0.09,0.09,0.092,0.093,0.099,0.091,0.092,0.333,0.134,0.296,0.769,0.111,0.09,0.092,0.65,0.367,0.91,0.91,0.096,0.092,0.092,0.092,0.091,0.092,0.093,0.091,0.092,0.092,0.093,0.091,0.093,0.207,0.131,0.258,0.73,0.114,0.099,0.093,0.763,0.586,0.891,0.922,0.093,0.093,0.092,0.092,0.091,0.092,0.092,0.098,0.091,0.092,0.091,0.091,0.092
34.50,0.412,0.132,0.269,0.743,0.114,0.093,0.093,0.983,0.458,0.938,0.853,0.096,0.092,0.091,0.092,0.092,0.091,0.098,0.099,0.093,0.092,0.091,0.092,0.092,0.301,0.132,0.256,0.801,0.113,0.091,0.091,0.469,0.485,1.177,0.849,0.095,0.091,0.092,0.092,0.092,0.092,0.09,0.09,0.092,0.093,0.099,0.091,0.092,0.319,0.135,0.292,0.776,0.111,0.09,0.092,0.606,0.346,0.907,0.907,0.096,0.092,0.092,0.092,0.091,0.092,0.093,0.091,0.092,0.091,0.093,0.092,0.092,0.204,0.131,0.254,0.735,0.114,0.099,0.093,0.74,0.571,0.989,0.919,0.093,0.093,0.092,0.092,0.091,0.092,0.092,0.098,0.091,0.092,0.091,0.091,0.092
35.00,0.415,0.132,0.267,0.748,0.114,0.093,0.093,1.038,0.461,0.758,0.849,0.096,0.092,0.091,0.092,0.092,0.091,0.098,0.098,0.093,0.092,0.091,0.092,0.092,0.301,0.133,0.255,0.806,0.113,0.091,0.091,0.47,0.477,1.212,0.849,0.095,0.091,0.092,0.092,0.092,0.092,0.09,0.09,0.092,0.093,0.099,0.091,0.092,0.313,0.135,0.288,0.785,0.111,0.09,0.092,0.64,0.359,0.913,0.907,0.096,0.092,0.092,0.092,0.091,0.092,0.093,0.091,0.092,0.091,0.093,0.091,0.092,0.204,0.131,0.253,0.741,0.114,0.099,0.093,0.705,0.622,0.967,0.914,0.093,0.093,0.092,0.092,0.091,0.092,0.092,0.098,0.091,0.092,0.091,0.091,0.092
35.50,0.413,0.133,0.265,0.751,0.115,0.093,0.093,0.85,0.452,0.823,0.85,0.096,0.092,0.091,0.092,0.092,0.092,0.098,0.099,0.093,0.092,0.091,0.092,0.092,0.295,0.134,0.253,0.811,0.113,0.091,0.091,0.47,0.48,1.29,0.848,0.095,0.091,0.092,0.092,0.092,0.092,0.09,0.09,0.092,0.093,0.099,0.091,0.092,0.306,0.136,0.284,0.79,0.111,0.09,0.092,0.618,0.356,0.948,0.906,0.096,0.092,0.092,0.092,0.091,0.093,0.093,0.091,0.092,0.092,0.093,0.091,0.093,0.203,0.132,0.253,0.747,0.114,0.099,0.093,0.686,0.579,1.106,0.91,0.093,0.093,0.092,0.092,0.091,0.092,0.092,0.098,0.091,0.092,0.092,0.091,0.092
36.00,0.414,0.134,0.264,0.755,0.114,0.093,0.093,0.759,0.441,0.765,0.849,0.096,0.092,0.091,0.092,0.092,0.091,0.098,0.098,0.093,0.092,0.091,0.091,0.092,0.302,0.136,0.25,0.815,0.113,0.091,0.091,0.468,0.556,1.248,0.848,0.095,0.091,0.092,0.092,0.092,0.092,0.09,0.09,0.092,0.093,0.099,0.091,0.092,0.306,0.136,0.279,0.79,0.111,0.09,0.092,0.613,0.367,1.062,0.904,0.096,0.092,0.092,0.092,0.091,0.092,0.093,0.091,0.092,0.091,0.093,0.091,0.092,0.204,0.132,0.252,0.751,0.114,0.099,0.093,0.672,0.586,0.991,0.906,0.093,0.093,0.092,0.092,0.091,0.092,0.092,0.098,0.091,0.092,0.091,0.091,0.092
36.50,0.412,0.134,0.263,0.758,0.115,0.093,0.093,0.734,0.432,0.742,0.837,0.096,0.092,0.091,0.092,0.092,0.091,0.098,0.099,0.093,0.092,0.091,0.092,0.092,0.296,0.136,0.247,0.821,0.113,0.091,0.091,0.457,0.563,1.124,0.847,0.095,0.091,0.092,0.092,0.092,0.092,0.09,0.09,0.092,0.093,0.099,0.091,0.092,0.298,0.136,0.276,0.799,0.111,0.09,0.092,0.594,0.381,1.169,0.902,0.096,0.092,0.092,0.092,0.091,0.092,0.093,0.091,0.092,0.091,0.093,0.091,0.092,0.204,0.133,0.25,0.756,0.114,0.099,0.093,0.629,0.515,0.942,0.899,0.093,0.093,0.092,0.092,0.091,0.092,0.092,0.098,0.091,0.092,0.091,0.091,0.092
37.00,0.405,0.135,0.261,0.762,0.115,0.093,0.093,0.701,0.422,0.603,0.827,0.096,0.092,0.091,0.092,0.092,0.092,0.098,0.099,0.093,0.092,0.091,0.092,0.092,0.289,0.136,0.247,0.817,0.113,0.091,0.091,0.449,0.561,1.065,0.849,0.095,0.091,0.092,0.092,0.092,0.092,0.09,0.09,0.092,0.093,0.099,0.091,0.092,0.296,0.136,0.273,0.798,0.112,0.09,0.092,0.587,0.424,1.148,0.902,0.096,0.092,0.092,0.092,0.091,0.092,0.093,0.091,0.092,0.092,0.093,0.092,0.093,0.204,0.133,0.248,0.758,0.114,0.099,0.093,0.586,0.502,0.88,0.897,0.093,0.093,0.092,0.092,0.091,0.092,0.092,0.098,0.091,0.092,0.091,0.091,0.092
37.50,0.395,0.135,0.261,0.766,0.115,0.093,0.093,0.682,0.412,0.551,0.819,0.096,0.092,0.091,0.092,0.092,0.092,0.098,0.099,0.093,0.092,0.091,0.092,0.092,0.29,0.137,0.244,0.83,0.113,0.091,0.091,0.441,0.495,1.126,0.849,0.095,0.091,0.092,0.092,0.092,0.092,0.09,0.09,0.092,0.093,0.099,0.091,0.092,0.287,0.136,0.268,0.808,0.111,0.09,0.092,0.543,0.455,0.913,0.902,0.096,0.092,0.092,0.092,0.091,0.092,0.093,0.091,0.092,0.091,0.093,0.092,0.092,0.204,0.133,0.246,0.762,0.114,0.099,0.093,0.547,0.605,0.835,0.894,0.093,0.093,0.092,0.092,0.091,0.092,0.092,0.098,0.091,0.092,0.091,0.091,0.092
38.00,0.382,0.137,0.259,0.767,0.115,0.093,0.093,0.661,0.404,0.514,0.818,0.096,0.092,0.091,0.092,0.092,0.092,0.098,0.099,0.093,0.092,0.091,0.092,0.092,0.284,0.136,0.241,0.828,0.113,0.091,0.091,0.447,0.472,1.181,0.852,0.095,0.092,0.092,0.092,0.092,0.092,0.09,0.09,0.092,0.093,0.099,0.091,0.092,0.283,0.136,0.265,0.807,0.112,0.09,0.092,0.539,0.477,0.898,0.903,0.096,0.092,0.092,0.092,0.091,0.093,0.093,0.091,0.092,0.091,0.093,0.092,0.092,0.206,0.134,0.246,0.766,0.115,0.099,0.093,0.518,0.582,0.815,0.892,0.093,0.093,0.092,0.092,0.091,0.092,0.092,0.098,0.092,0.092,0.092,0.091,0.092
38.50,0.361,0.137,0.258,0.768,0.115,0.093,0.093,0.636,0.395,0.498,0.811,0.096,0.092,0.091,0.092,0.092,0.092,0.098,0.098,0.093,0.092,0.091,0.092,0.092,0.277,0.135,0.24,0.837,0.113,0.091,0.091,0.429,0.402,1.104,0.852,0.095,0.091,0.092,0.092,0.092,0.092,0.09,0.09,0.092,0.093,0.099,0.091,0.092,0.272,0.136,0.264,0.815,0.112,0.09,0.092,0.526,0.521,1.177,0.904,0.096,0.092,0.092,0.092,0.091,0.092,0.093,0.091,0.092,0.092,0.093,0.091,0.092,0.205,0.135,0.245,0.768,0.115,0.099,0.093,0.533,0.567,0.858,0.888,0.093,0.093,0.092,0.092,0.091,0.092,0.092,0.098,0.091,0.092,0.092,0.091,0.092
39.00,0.343,0.138,0.258,0.772,0.115,0.093,0.093,0.622,0.391,0.49,0.806,0.096,0.092,0.091,0.092,0.092,0.092,0.098,0.099,0.093,0.092,0.091,0.092,0.092,0.269,0.134,0.239,0.842,0.113,0.091,0.091,0.429,0.395,1.112,0.852,0.095,0.091,0.092,0.092,0.092,0.092,0.09,0.09,0.092,0.093,0.099,0.091,0.092,0.262,0.137,0.261,0.818,0.112,0.09,0.092,0.559,0.519,1.015,0.905,0.096,0.092,0.092,0.092,0.091,0.092,0.093,0.091,0.092,0.092,0.093,0.092,0.092,0.205,0.134,0.243,0.772,0.115,0.099,0.093,0.529,0.472,0.816,0.889,0.093,0.093,0.092,0.092,0.091,0.092,0.092,0.098,0.091,0.092,0.091,0.091,0.092
39.50,0.32,0.139,0.257,0.773,0.115,0.093,0.093,0.611,0.386,0.482,0.808,0.096,0.092,0.091,0.092,0.092,0.092,0.098,0.099,0.093,0.092,0.091,0.092,0.092,0.262,0.133,0.238,0.844,0.113,0.091,0.091,0.456,0.409,1.033,0.853,0.095,0.091,0.092,0.092,0.092,0.092,0.09,0.09,0.092,0.093,0.099,0.091,0.092,0.251,0.137,0.258,0.825,0.112,0.09,0.092,0.535,0.527,1.011,0.905,0.096,0.092,0.092,0.092,0.091,0.092,0.093,0.091,0.092,0.091,0.093,0.092,0.092,0.204,0.135,0.242,0.776,0.115,0.099,0.093,0.508,0.552,0.755,0.89,0.093,0.091,0.092,0.092,0.091,0.092,0.092,0.098,0.092,0.092,0.091,0.091,0.092
40.00,0.291,0.14,0.254,0.774,0.115,0.093,0.093,0.602,0.4,0.492,0.806,0.096,0.092,0.091,0.092,0.092,0.091,0.098,0.099,0.093,0.092,0.091,0.092,0.092,0.255,0.132,0.234,0.846,0.113,0.091,0.091,0.456,0.41,1.013,0.856,0.095,0.091,0.092,0.092,0.092,0.092,0.09,0.09,0.092,0.093,0.099,0.091,0.092,0.24,0.136,0.255,0.824,0.112,0.09,0.092,0.488,0.55,1.059,0.908,0.096,0.092,0.092,0.092,0.091,0.093,0.093,0.091,0.092,0.091,0.093,0.092,0.092,0.203,0.135,0.24,0.78,0.115,0.099,0.093,0.498,0.492,0.76,0.888,0.093,0.091,0.092,0.092,0.091,0.092,0.092,0.098,0.092,0.092,0.091,0.091,0.092
40.50,0.26,0.14,0.252,0.775,0.115,0.093,0.093,0.584,0.568,0.485,0.802,0.096,0.092,0.091,0.092,0.092,0.092,0.098,0.099,0.093,0.092,0.091,0.092,0.092,0.248,0.131,0.232,0.85,0.113,0.091,0.091,0.461,0.417,0.951,0.856,0.095,0.092,0.092,0.092,0.092,0.092,0.09,0.09,0.092,0.093,0.099,0.091,0.092,0.227,0.136,0.253,0.832,0.112,0.09,0.092,0.48,0.553,1.016,0.909,0.096,0.092,0.092,0.092,0.091,0.093,0.093,0.091,0.092,0.091,0.093,0.091,0.092,0.203,0.135,0.239,0.786,0.115,0.099,0.093,0.501,0.507,0.746,0.888,0.093,0.091,0.092,0.092,0.091,0.092,0.092,0.098,0.092,0.092,0.092,0.091,0.092
41.00,0.23,0.141,0.251,0.779,0.115,0.093,0.093,0.558,0.474,0.482,0.795,0.096,0.092,0.091,0.092,0.092,0.092,0.098,0.099,0.093,0.092,0.091,0.092,0.092,0.245,0.13,0.233,0.852,0.113,0.091,0.091,0.477,0.421,0.952,0.858,0.095,0.091,0.092,0.092,0.092,0.092,0.09,0.09,0.092,0.093,0.099,0.091,0.092,0.215,0.136,0.251,0.838,0.112,0.09,0.092,0.467,0.547,1.045,0.909,0.096,0.092,0.092,0.092,0.091,0.093,0.093,0.091,0.092,0.092,0.093,0.092,0.092,0.203,0.135,0.239,0.791,0.115,0.099,0.093,0.502,0.502,0.741,0.887,0.093,0.091,0.092,0.092,0.091,0.092,0.092,0.098,0.092,0.092,0.091,0.091,0.092
41.50,0.205,0.14,0.251,0.778,0.115,0.093,0.093,0.546,0.458,0.472,0.797,0.095,0.092,0.091,0.092,0.092,0.092,0.098,0.098,0.093,0.092,0.091,0.091,0.092,0.24,0.13,0.232,0.855,0.113,0.091,0.091,0.478,0.447,0.98,0.86,0.095,0.091,0.092,0.092,0.092,0.092,0.09,0.09,0.092,0.093,0.099,0.091,0.092,0.207,0.136,0.251,0.84,0.112,0.09,0.092,0.49,0.541,1.031,0.91,0.096,0.092,0.092,0.092,0.091,0.092,0.093,0.091,0.092,0.091,0.093,0.091,0.092,0.202,0.135,0.238,0.795,0.115,0.099,0.093,0.501,0.487,0.709,0.892,0.093,0.091,0.092,0.092,0.091,0.092,0.092,0.098,0.092,0.092,0.092,0.091,0.092
42.00,0.189,0.139,0.25,0.781,0.115,0.093,0.093,0.522,0.499,0.464,0.799,0.095,0.092,0.091,0.092,0.092,0.092,0.098,0.099,0.093,0.092,0.091,0.092,0.092,0.236,0.13,0.231,0.863,0.113,0.091,0.091,0.48,0.464,1.018,0.861,0.095,0.092,0.092,0.092,0.092,0.092,0.09,0.09,0.092,0.093,0.099,0.091,0.092,0.199,0.137,0.248,0.846,0.112,0.09,0.092,0.491,0.523,1.011,0.911,0.096,0.092,0.092,0.092,0.091,0.092,0.093,0.091,0.092,0.092,0.093,0.092,0.093,0.202,0.135,0.236,0.8,0.115,0.099,0.093,0.51,0.502,0.655,0.886,0.093,0.091,0.092,0.092,0.091,0.092,0.092,0.098,0.092,0.092,0.092,0.091,0.092
42.50,0.178,0.139,0.248,0.782,0.115,0.093,0.093,0.511,0.501,0.451,0.804,0.095,0.092,0.091,0.092,0.092,0.092,0.098,0.098,0.093,0.092,0.091,0.092,0.092,0.231,0.13,0.23,0.868,0.113,0.091,0.091,0.497,0.506,0.995,0.862,0.095,0.091,0.092,0.092,0.092,0.092,0.09,0.09,0.092,0.093,0.099,0.091,0.092,0.193,0.137,0.246,0.85,0.112,0.09,0.092,0.508,0.515,1.061,0.912,0.095,0.092,0.092,0.092,0.091,0.092,0.093,0.091,0.092,0.092,0.093,0.091,0.092,0.199,0.134,0.235,0.805,0.115,0.099,0.093,0.485,0.513,0.578,0.882,0.093,0.091,0.092,0.092,0.091,0.092,0.092,0.098,0.092,0.092,0.092,0.091,0.092
43.00,0.172,0.14,0.247,0.784,0.115,0.093,0.093,0.492,0.485,0.445,0.808,0.095,0.092,0.091,0.092,0.092,0.092,0.098,0.098,0.093,0.092,0.091,0.092,0.092,0.225,0.131,0.227,0.877,0.113,0.091,0.091,0.501,0.5,0.994,0.864,0.095,0.091,0.092,0.092,0.092,0.092,0.09,0.09,0.092,0.093,0.099,0.091,0.092,0.189,0.137,0.243,0.854,0.112,0.09,0.092,0.564,0.507,1.008,0.915,0.095,0.092,0.092,0.092,0.091,0.093,0.093,0.091,0.092,0.092,0.093,0.092,0.093,0.198,0.134,0.233,0.811,0.115,0.099,0.093,0.453,0.472,0.501,0.882,0.093,0.091,0.092,0.092,0.091,0.092,0.092,0.098,0.092,0.092,0.091,0.091,0.092
43.50,0.168,0.14,0.247,0.787,0.115,0.093,0.093,0.486,0.488,0.448,0.815,0.095,0.092,0.091,0.092,0.092,0.092,0.098,0.098,0.093,0.092,0.091,0.092,0.092,0.219,0.131,0.226,0.883,0.113,0.091,0.091,0.494,0.484,0.997,0.865,0.095,0.091,0.092,0.092,0.092,0.092,0.09,0.09,0.092,0.093,0.099,0.091,0.092,0.185,0.137,0.242,0.859,0.112,0.09,0.092,0.623,0.493,1.013,0.918,0.095,0.092,0.092,0.092,0.091,0.092,0.093,0.091,0.092,0.092,0.093,0.092,0.092,0.196,0.133,0.232,0.819,0.115,0.099,0.093,0.454,0.511,0.543,0.882,0.092,0.091,0.092,0.092,0.091,0.092,0.092,0.098,0.092,0.092,0.091,0.091,0.092
44.00,0.164,0.141,0.246,0.791,0.115,0.093,0.093,0.481,0.48,0.444,0.817,0.095,0.092,0.091,0.092,0.092,0.091,0.098,0.098,0.093,0.092,0.091,0.092,0.092,0.212,0.131,0.225,0.885,0.113,0.091,0.091,0.501,0.425,1.029,0.866,0.095,0.091,0.092,0.092,0.092,0.092,0.09,0.09,0.092,0.093,0.099,0.091,0.092,0.183,0.137,0.24,0.869,0.112,0.09,0.092,0.713,0.428,1.015,0.917,0.096,0.092,0.092,0.092,0.091,0.092,0.093,0.091,0.092,0.092,0.093,0.091,0.092,0.194,0.134,0.231,0.821,0.115,0.099,0.093,0.438,0.49,0.496,0.88,0.092,0.091,0.092,0.092,0.091,0.092,0.092,0.098,0.091,0.092,0.092,0.091,0.092
44.50,0.161,0.142,0.246,0.793,0.115,0.093,0.093,0.486,0.469,0.434,0.824,0.095,0.092,0.091,0.092,0.092,0.091,0.098,0.098,0.093,0.092,0.091,0.091,0.092,0.204,0.132,0.224,0.89,0.113,0.091,0.091,0.517,0.423,1.016,0.871,0.095,0.091,0.092,0.092,0.092,0.092,0.09,0.09,0.092,0.093,0.099,0.091,0.092,0.18,0.137,0.239,0.874,0.112,0.09,0.092,0.663,0.403,0.962,0.92,0.096,0.092,0.092,0.092,0.091,0.092,0.093,0.091,0.092,0.092,0.093,0.091,0.092,0.192,0.133,0.23,0.829,0.115,0.099,0.093,0.44,0.526,0.441,0.882,0.092,0.091,0.092,0.092,0.091,0.092,0.092,0.098,0.091,0.092,0.091,0.091,0.092
45.00,0.16,0.146,0.245,0.796,0.115,0.093,0.093,0.485,0.463,0.431,0.829,0.095,0.092,0.091,0.092,0.092,0.092,0.098,0.098,0.093,0.092,0.091,0.092,0.092,0.198,0.132,0.224,0.895,0.113,0.091,0.091,0.501,0.427,0.987,0.872,0.095,0.091,0.092,0.092,0.092,0.092,0.09,0.09,0.092,0.093,0.099,0.091,0.092,0.179,0.138,0.238,0.879,0.112,0.09,0.092,0.689,0.363,1.181,0.915,0.096,0.092,0.092,0.092,0.091,0.092,0.092,0.091,0.092,0.092,0.093,0.092,0.092,0.189,0.132,0.23,0.835,0.115,0.099,0.093,0.455,0.502,0.415,0.883,0.092,0.091,0.092,0.092,0.091,0.092,0.092,0.098,0.091,0.092,0.091,0.091,0.092
45.50,0.16,0.15,0.244,0.799,0.115,0.093,0.093,0.487,0.456,0.438,0.842,0.095,0.092,0.091,0.092,0.092,0.092,0.098,0.099,0.093,0.092,0.091,0.091,0.092,0.192,0.132,0.223,0.901,0.113,0.091,0.091,0.534,0.401,0.95,0.876,0.095,0.091,0.092,0.092,0.092,0.092,0.09,0.09,0.092,0.093,0.099,0.091,0.092,0.178,0.139,0.238,0.885,0.112,0.09,0.092,0.694,0.417,1.181,0.918,0.095,0.092,0.092,0.092,0.091,0.092,0.093,0.091,0.092,0.092,0.093,0.092,0.093,0.186,0.132,0.229,0.842,0.115,0.099,0.093,0.476,0.527,0.409,0.888,0.092,0.091,0.092,0.092,0.091,0.092,0.092,0.098,0.091,0.092,0.091,0.091,0.092
46.00,0.16,0.152,0.244,0.802,0.115,0.093,0.093,0.489,0.447,0.44,0.852,0.095,0.092,0.091,0.092,0.092,0.092,0.098,0.098,0.093,0.092,0.091,0.091,0.092,0.186,0.133,0.222,0.907,0.113,0.091,0.091,0.517,0.435,0.905,0.88,0.095,0.091,0.092,0.092,0.092,0.092,0.09,0.09,0.092,0.093,0.099,0.091,0.092,0.178,0.138,0.236,0.89,0.112,0.09,0.092,0.689,0.348,1.119,0.92,0.096,0.092,0.092,0.092,0.091,0.093,0.093,0.091,0.092,0.092,0.093,0.092,0.092,0.183,0.132,0.228,0.849,0.115,0.099,0.093,0.46,0.593,0.413,0.894,0.092,0.091,0.092,0.092,0.091,0.092,0.092,0.098,0.091,0.092,0.091,0.091,0.092
46.50,0.16,0.155,0.243,0.805,0.115,0.093,0.093,0.479,0.442,0.411,0.869,0.095,0.092,0.091,0.092,0.092,0.091,0.098,0.098,0.093,0.092,0.091,0.092,0.092,0.181,0.132,0.224,0.91,0.113,0.091,0.091,0.507,0.45,0.91,0.883,0.095,0.091,0.092,0.092,0.092,0.092,0.09,0.09,0.092,0.093,0.099,0.091,0.092,0.178,0.139,0.236,0.895,0.112,0.09,0.092,0.721,0.474,1.052,0.918,0.096,0.092,0.092,0.092,0.091,0.092,0.093,0.091,0.092,0.091,0.093,0.092,0.092,0.179,0.132,0.228,0.852,0.115,0.099,0.093,0.45,0.898,0.418,0.899,0.092,0.091,0.092,0.092,0.091,0.092,0.092,0.098,0.091,0.092,0.092,0.091,0.092
47.00,0.162,0.158,0.242,0.809,0.115,0.093,0.093,0.472,0.443,0.405,0.888,0.095,0.092,0.091,0.092,0.092,0.092,0.098,0.098,0.093,0.092,0.091,0.092,0.092,0.178,0.133,0.224,0.92,0.113,0.091,0.091,0.518,0.462,0.922,0.891,0.095,0.092,0.092,0.092,0.092,0.092,0.09,0.09,0.092,0.093,0.099,0.091,0.092,0.178,0.138,0.233,0.898,0.112,0.09,0.092,0.669,0.456,1.034,0.922,0.096,0.092,0.092,0.092,0.091,0.092,0.093,0.091,0.092,0.092,0.093,0.092,0.093,0.175,0.132,0.228,0.86,0.115,0.099,0.093,0.433,0.742,0.441,0.91,0.092,0.091,0.092,0.092,0.091,0.092,0.092,0.098,0.091,0.092,0.092,0.091,0.092
47.50,0.164,0.162,0.241,0.812,0.115,0.093,0.093,0.46,0.452,0.418,0.909,0.095,0.092,0.091,0.092,0.092,0.092,0.098,0.098,0.093,0.092,0.091,0.092,0.092,0.175,0.133,0.223,0.921,0.113,0.091,0.091,0.51,0.447,0.905,0.895,0.095,0.091,0.092,0.092,0.092,0.092,0.09,0.09,0.092,0.093,0.099,0.091,0.092,0.179,0.139,0.234,0.908,0.112,0.09,0.092,0.669,0.487,1.013,0.921,0.096,0.092,0.092,0.092,0.091,0.092,0.093,0.091,0.092,0.091,0.093,0.092,0.092,0.17,0.132,0.227,0.865,0.115,0.099,0.093,0.426,0.69,0.499,0.917,0.092,0.091,0.092,0.092,0.091,0.092,0.092,0.098,0.091,0.092,0.091,0.091,0.092
48.00,0.169,0.167,0.241,0.815,0.115,0.093,0.093,0.438,0.46,0.465,0.935,0.095,0.092,0.091,0.092,0.092,0.092,0.098,0.098,0.093,0.092,0.091,0.092,0.092,0.172,0.133,0.223,0.927,0.113,0.091,0.091,0.525,0.449,0.883,0.898,0.095,0.092,0.092,0.092,0.092,0.092,0.09,0.09,0.092,0.093,0.099,0.091,0.093,0.18,0.139,0.232,0.912,0.112,0.09,0.092,0.658,0.464,0.997,0.927,0.096,0.092,0.092,0.092,0.091,0.093,0.093,0.091,0.092,0.092,0.093,0.092,0.092,0.167,0.131,0.227,0.872,0.115,0.099,0.093,0.436,0.678,0.533,0.929,0.092,0.091,0.092,0.092,0.091,0.092,0.092,0.098,0.091,0.092,0.092,0.091,0.092
